{   "headers": 
{"action":"GET"}, 
    "body": 
               [{"dataModelId":111,"content":"These"},
		{"dataModelId":11,"content":"values"},
		{"dataModelId":131,"content":"are"},
		{"dataModelId":111,"content":"irrelevant"},
		{"dataModelId":114,"content":" and"},
		{"dataModelId":311,"content":"they"},
		{"dataModelId":561,"content":"will"},
		{"dataModelId":171,"content":"change"},
		{"dataModelId":1,"content":"soon"},
		{"dataModelId":121,"content":"mmu"},
		{"dataModelId":571,"content":"mmu"},
		{"dataModelId":890,"content":"mmu"},
		{"dataModelId":167,"content":"mmu"},
		{"dataModelId":110,"content":"mmu"},
		{"dataModelId":10,"content":"mmu"},
		{"dataModelId":141,"content":"mmu"},
		{"dataModelId":91,"content":"mmu"},
		{"dataModelId":31,"content":"mmu"},
		{"dataModelId":61,"content":"mmu"},] 
}